TRUNCATE t_books, t_customers, t_order_item, t_orders CASCADE;

INSERT INTO t_books (id, book_title, book_author, book_isbn)
VALUES (1, 'To Kill a Mockingbird', 'Harper Lee', '9780061120084'),
       (2, '1984', 'George Orwell', '9780452284234'),
       (3, 'The Great Gatsby', 'F. Scott Fitzgerald', '9780743273565'),
       (4, 'Pride and Prejudice', 'Jane Austen', '9780141199078'),
       (5, 'The Catcher in the Rye', 'J.D. Salinger', '9780316769488'),
       (6, 'Animal Farm', 'George Orwell', '9780451526342'),
       (7, 'The Hobbit', 'J.R.R. Tolkien', '9780345339683'),
       (8, 'The Lord of the Rings', 'J.R.R. Tolkien', '9780618640157'),
       (9, 'The Da Vinci Code', 'Dan Brown', '9780307474278'),
       (10, 'Angels & Demons', 'Dan Brown', '9780743493468'),
       (11, 'The Alchemist', 'Paulo Coelho', '9780061122415'),
       (12, 'The Hunger Games', 'Suzanne Collins', '9780439023481'),
       (13, 'Catching Fire', 'Suzanne Collins', '9780439023498'),
       (14, 'Mockingjay', 'Suzanne Collins', '9780439023511'),
       (15, 'The Girl with the Dragon Tattoo', 'Stieg Larsson', '9780307454546'),
       (16, 'The Girl Who Played with Fire', 'Stieg Larsson', '9780307454553'),
       (17, 'The Girl Who Kicked the Hornets'' Nest', 'Stieg Larsson', '9780307454560'),
       (18, 'The Help', 'Kathryn Stockett', '9780425232200'),
       (19, 'Gone Girl', 'Gillian Flynn', '9780307588371'),
       (20, 'The Martian', 'Andy Weir', '9780553418026'),
       (21, 'The Fault in Our Stars', 'John Green', '9780142424179'),
       (22, 'The Book Thief', 'Markus Zusak', '9780375831003'),
       (23, 'The Picture of Dorian Gray', 'Oscar Wilde', '9780486278070'),
       (24, 'Brave New World', 'Aldous Huxley', '9780060850524'),
       (25, 'The Road', 'Cormac McCarthy', '9780307387899'),
       (26, 'The Hitchhiker''s Guide to the Galaxy', 'Douglas Adams', '9780345391803'),
       (27, 'Frankenstein', 'Mary Shelley', '9780486282114'),
       (28, 'Dracula', 'Bram Stoker', '9780486411095'),
       (29, 'Alice''s Adventures in Wonderland', 'Lewis Carroll', '9780141439761'),
       (30, 'Wuthering Heights', 'Emily Brontë', '9780141439556');

INSERT INTO t_customers (id, customer_name, customer_address, customer_phone_number, customer_email)
VALUES (1, 'John Doe', '123 Main St, Anytown, USA', '+1234567890', 'john.doe@example.com'),
       (2, 'Jane Smith', '456 Elm St, Othertown, USA', '+1987654321', 'jane.smith@example.com'),
       (3, 'Michael Johnson', '789 Oak St, Anycity, USA', '+1122334455', 'michael.johnson@example.com'),
       (4, 'Emily Brown', '321 Pine St, Othercity, USA', '+1555666777', 'emily.brown@example.com'),
       (5, 'William Taylor', '654 Maple St, Anyvillage, USA', '+1444333222', 'william.taylor@example.com'),
       (6, 'Sophia Anderson', '987 Birch St, Villageville, USA', '+1999888777', 'sophia.anderson@example.com'),
       (7, 'Matthew Martinez', '234 Cedar St, Bigtown, USA', '+1888777666', 'matthew.martinez@example.com'),
       (8, 'Olivia Hernandez', '567 Walnut St, Littletown, USA', '+1223344556', 'olivia.hernandez@example.com'),
       (9, 'Ethan Wright', '890 Sycamore St, Hometown, USA', '+1333444555', 'ethan.wright@example.com'),
       (10, 'Ava Lopez', '123 Elm St, Smalltown, USA', '+1777888999', 'ava.lopez@example.com'),
       (11, 'Alexander Hill', '456 Oak St, Anyplace, USA', '+1999444555', 'alexander.hill@example.com'),
       (12, 'Mia Scott', '789 Maple St, Nowhere, USA', '+1888555666', 'mia.scott@example.com'),
       (13, 'James Green', '321 Pine St, Anywhere, USA', '+1222555666', 'james.green@example.com'),
       (14, 'Charlotte Adams', '654 Birch St, Everywhere, USA', '+1333666777', 'charlotte.adams@example.com'),
       (15, 'Daniel Baker', '987 Oak St, Noway, USA', '+1111222333', 'daniel.baker@example.com'),
       (16, 'Amelia Murphy', '234 Maple St, Someplace, USA', '+1444333222', 'amelia.murphy@example.com'),
       (17, 'Benjamin Evans', '567 Cedar St, Anyville, USA', '+1555666777', 'benjamin.evans@example.com'),
       (18, 'Emma Rivera', '890 Pine St, Noway, USA', '+1999888777', 'emma.rivera@example.com'),
       (19, 'Michael Turner', '123 Elm St, Overthere, USA', '+1888777666', 'michael.turner@example.com'),
       (20, 'Samantha Parker', '456 Birch St, Anyborough, USA', '+1223344555', 'samantha.parker@example.com'),
       (21, 'William Wood', '789 Oak St, Anyplace, USA', '+1333444555', 'william.wood@example.com'),
       (22, 'Avery Cooper', '234 Pine St, Nowhere, USA', '+1777888999', 'avery.cooper@example.com'),
       (23, 'Grace Richardson', '567 Cedar St, Everywhere, USA', '+1999444555', 'grace.richardson@example.com'),
       (24, 'Jackson Long', '890 Maple St, Anytown, USA', '+1888555666', 'jackson.long@example.com'),
       (25, 'Madison Murphy', '123 Birch St, Othertown, USA', '+1222555666', 'madison.murphy@example.com'),
       (26, 'Liam Gonzales', '456 Oak St, Anycity, USA', '+1333666777', 'liam.gonzales@example.com'),
       (27, 'Chloe Hill', '789 Elm St, Othercity, USA', '+1111222333', 'chloe.hill@example.com'),
       (28, 'Oliver Carter', '234 Cedar St, Bigtown, USA', '+1444333222', 'oliver.carter@example.com'),
       (29, 'Evelyn Cook', '567 Walnut St, Littletown, USA', '+1555666777', 'evelyn.cook@example.com'),
       (30, 'Noah Adams', '890 Sycamore St, Smalltown, USA', '+1666777888', 'noah.adams@example.com');

INSERT INTO t_orders (id, customer_id)
VALUES (1, 1),
       (2, 2),
       (3, 3),
       (4, 4),
       (5, 5),
       (6, 10),
       (7, 9),
       (8, 8),
       (9, 7),
       (10, 6),
       (11, 15),
       (12, 14),
       (13, 13),
       (14, 12),
       (15, 11),
       (16, 20),
       (17, 19),
       (18, 18),
       (19, 17),
       (20, 16),
       (21, 25),
       (22, 24),
       (23, 23),
       (24, 22),
       (25, 21),
       (26, 30),
       (27, 29),
       (28, 28),
       (29, 27),
       (30, 26);

INSERT INTO t_order_item (id, order_id, book_id, order_item_quantity)
VALUES (1, 1, 1, 2),
       (2, 1, 2, 1),
       (3, 2, 3, 1),
       (4, 2, 4, 3),
       (5, 3, 5, 2),
       (6, 3, 6, 1),
       (7, 4, 7, 1),
       (8, 4, 8, 1),
       (9, 5, 9, 2),
       (10, 5, 10, 3),
       (11, 6, 11, 1),
       (12, 6, 12, 2),
       (13, 7, 13, 3),
       (14, 7, 14, 1),
       (15, 8, 15, 2),
       (16, 8, 16, 2),
       (17, 9, 17, 1),
       (18, 9, 18, 3),
       (19, 10, 19, 2),
       (20, 10, 20, 1),
       (21, 11, 21, 3),
       (22, 11, 22, 1),
       (23, 12, 23, 1),
       (24, 12, 24, 1),
       (25, 13, 25, 2),
       (26, 13, 26, 2),
       (27, 14, 27, 1),
       (28, 14, 28, 1),
       (29, 15, 29, 3),
       (30, 15, 30, 1),
       (31, 16, 1, 2),
       (32, 16, 2, 1),
       (33, 17, 3, 1),
       (34, 17, 4, 3),
       (35, 18, 5, 2),
       (36, 18, 6, 1),
       (37, 19, 7, 1),
       (38, 19, 8, 1),
       (39, 20, 9, 2),
       (40, 20, 10, 3),
       (41, 21, 11, 1),
       (42, 21, 12, 2),
       (43, 22, 13, 3),
       (44, 22, 14, 1),
       (45, 23, 15, 2),
       (46, 23, 16, 2),
       (47, 24, 17, 1),
       (48, 24, 18, 3),
       (49, 25, 19, 2),
       (50, 25, 20, 1),
       (51, 26, 21, 3),
       (52, 26, 22, 1),
       (53, 27, 23, 1),
       (54, 27, 24, 1),
       (55, 28, 25, 2),
       (56, 28, 26, 2),
       (57, 29, 27, 1),
       (58, 29, 28, 1),
       (59, 30, 29, 3),
       (60, 30, 30, 1);
